Model,Accuracy,F1_Score,ROC_AUC,CV_Mean_AUC,CV_Std_AUC
XGBoost,0.8560123589129202,0.9154994726811849,0.8381430086884797,0.8361056466553503,0.0023514925346614884
