Model,Accuracy,F1 Score,ROC-AUC
Logistic Regression,0.7239895327574248,0.8122459921720016,0.7615632680804154
KNN,0.8221185298452759,0.8977333490424964,0.7348641160982202
Random Forest,0.8121728986695252,0.8804591012611239,0.826163823115049
XGBoost,0.8560123589129202,0.9154994726811849,0.8381430086884797
