Model,Accuracy,F1_Score,ROC_AUC,CV_Mean_AUC,CV_Std_AUC
KNN,0.8174523728826919,0.892496077685045,0.7348641160982202,0.7341657495022627,0.0031590786113271816
